Date,team1,team2
2019-04-01,TEX,HOU
2019-04-01,SFG,LAD
2019-04-01,DET,NYY
2019-04-01,CHC,ATL
2019-04-01,BOS,OAK
2019-04-01,COL,TBR
2019-04-01,CHW,CLE
2019-04-01,PIT,STL
2019-04-01,CIN,MIL
2019-04-01,MIA,NYM
2019-04-01,SDP,ARI
2019-04-01,SEA,LAA
2019-04-01,BAL,TOR
2019-04-02,TEX,HOU
2019-04-02,SFG,LAD
2019-04-02,DET,NYY
2019-04-02,KCR,MIN
2019-04-02,BOS,OAK
2019-04-02,COL,TBR
2019-04-02,PHI,WSN
2019-04-02,CIN,MIL
2019-04-02,MIA,NYM
2019-04-02,SDP,ARI
2019-04-02,SEA,LAA
2019-04-02,BAL,TOR
2019-04-03,TEX,HOU
2019-04-03,SFG,LAD
2019-04-03,DET,NYY
2019-04-03,KCR,MIN
2019-04-03,CHC,ATL
2019-04-03,BOS,OAK
2019-04-03,COL,TBR
2019-04-03,CHW,CLE
2019-04-03,PHI,WSN
2019-04-03,PIT,STL
2019-04-03,CIN,MIL
2019-04-03,MIA,NYM
2019-04-03,SDP,ARI
2019-04-03,BAL,TOR
2019-04-04,BAL,NYY
2019-04-04,CHC,ATL
2019-04-04,BOS,OAK
2019-04-04,TOR,CLE
2019-04-04,NYM,WSN
2019-04-04,LAA,TEX
2019-04-04,PIT,CIN
2019-04-04,DET,KCR
2019-04-05,OAK,HOU
2019-04-05,COL,LAD
2019-04-05,PHI,MIN
2019-04-05,MIA,ATL
2019-04-05,SFG,TBR
2019-04-05,TOR,CLE
2019-04-05,SDP,STL
2019-04-05,CHC,MIL
2019-04-05,BOS,ARI
2019-04-05,LAA,TEX
2019-04-05,PIT,CIN
2019-04-05,SEA,CHW
2019-04-06,OAK,HOU
2019-04-06,COL,LAD
2019-04-06,BAL,NYY
2019-04-06,PHI,MIN
2019-04-06,MIA,ATL
2019-04-06,SFG,TBR
2019-04-06,TOR,CLE
2019-04-06,NYM,WSN
2019-04-06,SDP,STL
2019-04-06,CHC,MIL
2019-04-06,BOS,ARI
2019-04-06,LAA,TEX
2019-04-06,PIT,CIN
2019-04-06,SEA,CHW
2019-04-06,DET,KCR
2019-04-07,OAK,HOU
2019-04-07,COL,LAD
2019-04-07,BAL,NYY
2019-04-07,PHI,MIN
2019-04-07,MIA,ATL
2019-04-07,SFG,TBR
2019-04-07,TOR,CLE
2019-04-07,NYM,WSN
2019-04-07,SDP,STL
2019-04-07,CHC,MIL
2019-04-07,BOS,ARI
2019-04-07,LAA,TEX
2019-04-07,PIT,CIN
2019-04-07,SEA,CHW
2019-04-07,DET,KCR
2019-04-08,NYY,HOU
2019-04-08,STL,LAD
2019-04-08,COL,ATL
2019-04-08,BAL,OAK
2019-04-08,CHW,TBR
2019-04-08,PHI,WSN
2019-04-08,LAA,MIL
2019-04-08,PIT,CHC
2019-04-08,SDP,SFG
2019-04-08,KCR,SEA
2019-04-09,NYY,HOU
2019-04-09,STL,LAD
2019-04-09,NYM,MIN
2019-04-09,COL,ATL
2019-04-09,BAL,OAK
2019-04-09,CHW,TBR
2019-04-09,DET,CLE
2019-04-09,PHI,WSN
2019-04-09,LAA,MIL
2019-04-09,TEX,ARI
2019-04-09,TOR,BOS
2019-04-09,SDP,SFG
2019-04-09,MIA,CIN
2019-04-09,KCR,SEA
2019-04-10,NYY,HOU
2019-04-10,STL,LAD
2019-04-10,NYM,MIN
2019-04-10,BAL,OAK
2019-04-10,CHW,TBR
2019-04-10,DET,CLE
2019-04-10,PHI,WSN
2019-04-10,LAA,MIL
2019-04-10,TEX,ARI
2019-04-10,PIT,CHC
2019-04-10,SDP,SFG
2019-04-10,MIA,CIN
2019-04-10,KCR,SEA
2019-04-11,STL,LAD
2019-04-11,NYM,ATL
2019-04-11,BAL,OAK
2019-04-11,DET,CLE
2019-04-11,SDP,ARI
2019-04-11,TOR,BOS
2019-04-11,PIT,CHC
2019-04-11,COL,SFG
2019-04-11,MIA,CIN
2019-04-11,KCR,SEA
2019-04-12,SEA,HOU
2019-04-12,MIL,LAD
2019-04-12,CHW,NYY
2019-04-12,NYM,ATL
2019-04-12,TEX,OAK
2019-04-12,TOR,TBR
2019-04-12,KCR,CLE
2019-04-12,PIT,WSN
2019-04-12,SDP,ARI
2019-04-12,BAL,BOS
2019-04-12,LAA,CHC
2019-04-12,MIA,PHI
2019-04-12,COL,SFG
2019-04-13,SEA,HOU
2019-04-13,MIL,LAD
2019-04-13,CHW,NYY
2019-04-13,DET,MIN
2019-04-13,NYM,ATL
2019-04-13,TOR,TBR
2019-04-13,KCR,CLE
2019-04-13,PIT,WSN
2019-04-13,CIN,STL
2019-04-13,SDP,ARI
2019-04-13,BAL,BOS
2019-04-13,LAA,CHC
2019-04-13,MIA,PHI
2019-04-13,COL,SFG
2019-04-14,SEA,HOU
2019-04-14,MIL,LAD
2019-04-14,CHW,NYY
2019-04-14,DET,MIN
2019-04-14,NYM,ATL
2019-04-14,TEX,OAK
2019-04-14,TOR,TBR
2019-04-14,KCR,CLE
2019-04-14,PIT,WSN
2019-04-14,CIN,STL
2019-04-14,SDP,ARI
2019-04-14,BAL,BOS
2019-04-14,MIA,PHI
2019-04-14,COL,SFG
2019-04-15,CIN,LAD
2019-04-15,TOR,MIN
2019-04-15,SEA,CLE
2019-04-15,MIL,STL
2019-04-15,PHI,NYM
2019-04-15,BAL,BOS
2019-04-15,MIA,CHC
2019-04-15,LAA,TEX
2019-04-15,KCR,CHW
2019-04-15,SDP,COL
2019-04-16,OAK,HOU
2019-04-16,CIN,LAD
2019-04-16,BOS,NYY
2019-04-16,TOR,MIN
2019-04-16,ARI,ATL
2019-04-16,BAL,TBR
2019-04-16,SEA,CLE
2019-04-16,SFG,WSN
2019-04-16,MIL,STL
2019-04-16,PHI,NYM
2019-04-16,MIA,CHC
2019-04-16,LAA,TEX
2019-04-16,KCR,CHW
2019-04-16,SDP,COL
2019-04-16,DET,PIT
2019-04-17,OAK,HOU
2019-04-17,CIN,LAD
2019-04-17,BOS,NYY
2019-04-17,TOR,MIN
2019-04-17,ARI,ATL
2019-04-17,BAL,TBR
2019-04-17,SEA,CLE
2019-04-17,SFG,WSN
2019-04-17,MIL,STL
2019-04-17,PHI,NYM
2019-04-17,MIA,CHC
2019-04-17,LAA,TEX
2019-04-17,KCR,CHW
2019-04-17,DET,PIT
2019-04-18,MIL,LAD
2019-04-18,KCR,NYY
2019-04-18,TOR,MIN
2019-04-18,ARI,ATL
2019-04-18,BAL,TBR
2019-04-18,SFG,WSN
2019-04-18,COL,PHI
2019-04-18,SDP,CIN
2019-04-18,DET,CHW
2019-04-18,SEA,LAA
2019-04-19,TEX,HOU
2019-04-19,MIL,LAD
2019-04-19,KCR,NYY
2019-04-19,TOR,OAK
2019-04-19,BOS,TBR
2019-04-19,MIA,WSN
2019-04-19,NYM,STL
2019-04-19,CHC,ARI
2019-04-19,COL,PHI
2019-04-19,PIT,SFG
2019-04-19,SDP,CIN
2019-04-19,DET,CHW
2019-04-19,SEA,LAA
2019-04-20,TEX,HOU
2019-04-20,MIL,LAD
2019-04-20,KCR,NYY
2019-04-20,BAL,MIN
2019-04-20,BAL,MIN
2019-04-20,CLE,ATL
2019-04-20,CLE,ATL
2019-04-20,TOR,OAK
2019-04-20,BOS,TBR
2019-04-20,MIA,WSN
2019-04-20,NYM,STL
2019-04-20,CHC,ARI
2019-04-20,COL,PHI
2019-04-20,PIT,SFG
2019-04-20,SDP,CIN
2019-04-20,SEA,LAA
2019-04-21,TEX,HOU
2019-04-21,MIL,LAD
2019-04-21,KCR,NYY
2019-04-21,BAL,MIN
2019-04-21,CLE,ATL
2019-04-21,TOR,OAK
2019-04-21,BOS,TBR
2019-04-21,MIA,WSN
2019-04-21,NYM,STL
2019-04-21,CHC,ARI
2019-04-21,COL,PHI
2019-04-21,PIT,SFG
2019-04-21,SDP,CIN
2019-04-21,DET,CHW
2019-04-21,SEA,LAA
2019-04-22,MIN,HOU
2019-04-22,LAA,NYY
2019-04-22,TEX,OAK
2019-04-22,KCR,TBR
2019-04-22,COL,WSN
2019-04-22,MIL,STL
2019-04-22,PHI,NYM
2019-04-22,PIT,ARI
2019-04-22,BAL,CHW
2019-04-23,MIN,HOU
2019-04-23,CHC,LAD
2019-04-23,LAA,NYY
2019-04-23,CIN,ATL
2019-04-23,TEX,OAK
2019-04-23,KCR,TBR
2019-04-23,MIA,CLE
2019-04-23,COL,WSN
2019-04-23,MIL,STL
2019-04-23,PHI,NYM
2019-04-23,PIT,ARI
2019-04-23,DET,BOS
2019-04-23,DET,BOS
2019-04-23,TOR,SFG
2019-04-23,BAL,CHW
2019-04-23,SEA,SDP
2019-04-24,MIN,HOU
2019-04-24,CHC,LAD
2019-04-24,LAA,NYY
2019-04-24,CIN,ATL
2019-04-24,TEX,OAK
2019-04-24,KCR,TBR
2019-04-24,MIA,CLE
2019-04-24,COL,WSN
2019-04-24,MIL,STL
2019-04-24,PHI,NYM
2019-04-24,PIT,ARI
2019-04-24,DET,BOS
2019-04-24,TOR,SFG
2019-04-24,BAL,CHW
2019-04-24,SEA,SDP
2019-04-25,CLE,HOU
2019-04-25,CHC,LAD
2019-04-25,LAA,NYY
2019-04-25,CIN,ATL
2019-04-25,PIT,ARI
2019-04-25,DET,BOS
2019-04-25,MIA,PHI
2019-04-25,SEA,TEX
2019-04-26,CLE,HOU
2019-04-26,PIT,LAD
2019-04-26,SFG,NYY
2019-04-26,BAL,MIN
2019-04-26,COL,ATL
2019-04-26,TOR,OAK
2019-04-26,SDP,WSN
2019-04-26,CIN,STL
2019-04-26,NYM,MIL
2019-04-26,CHC,ARI
2019-04-26,MIA,PHI
2019-04-26,SEA,TEX
2019-04-26,DET,CHW
2019-04-26,KCR,LAA
2019-04-27,CLE,HOU
2019-04-27,PIT,LAD
2019-04-27,SFG,NYY
2019-04-27,BAL,MIN
2019-04-27,COL,ATL
2019-04-27,TOR,OAK
2019-04-27,BOS,TBR
2019-04-27,SDP,WSN
2019-04-27,CIN,STL
2019-04-27,NYM,MIL
2019-04-27,CHC,ARI
2019-04-27,MIA,PHI
2019-04-27,SEA,TEX
2019-04-27,KCR,LAA
2019-04-28,CLE,HOU
2019-04-28,PIT,LAD
2019-04-28,SFG,NYY
2019-04-28,BAL,MIN
2019-04-28,COL,ATL
2019-04-28,TOR,OAK
2019-04-28,BOS,TBR
2019-04-28,SDP,WSN
2019-04-28,CIN,STL
2019-04-28,NYM,MIL
2019-04-28,CHC,ARI
2019-04-28,MIA,PHI
2019-04-28,SEA,TEX
2019-04-28,DET,CHW
2019-04-28,KCR,LAA
2019-04-29,MIN,HOU
2019-04-29,SFG,LAD
2019-04-29,SDP,ATL
2019-04-29,BOS,OAK
2019-04-29,KCR,TBR
2019-04-29,STL,WSN
2019-04-29,COL,MIL
2019-04-29,CIN,NYM
2019-04-29,BAL,CHW
2019-04-30,MIN,HOU
2019-04-30,SFG,LAD
2019-04-30,ARI,NYY
2019-04-30,SDP,ATL
2019-04-30,BOS,OAK
2019-04-30,MIA,CLE
2019-04-30,STL,WSN
2019-04-30,COL,MIL
2019-04-30,CIN,NYM
2019-04-30,SEA,CHC
2019-04-30,DET,PHI
2019-04-30,PIT,TEX
2019-04-30,TOR,LAA
2019-05-01,MIN,HOU
2019-05-01,SFG,LAD
2019-05-01,ARI,NYY
2019-05-01,SDP,ATL
2019-05-01,BOS,OAK
2019-05-01,KCR,TBR
2019-05-01,KCR,TBR
2019-05-01,MIA,CLE
2019-05-01,STL,WSN
2019-05-01,COL,MIL
2019-05-01,CIN,NYM
2019-05-01,SEA,CHC
2019-05-01,DET,PHI
2019-05-01,PIT,TEX
2019-05-01,BAL,CHW
2019-05-01,BAL,CHW
2019-05-01,TOR,LAA
2019-05-02,MIN,HOU
2019-05-02,SDP,ATL
2019-05-02,KCR,TBR
2019-05-02,STL,WSN
2019-05-02,COL,MIL
2019-05-02,CIN,NYM
2019-05-02,CHW,BOS
2019-05-02,TOR,LAA
2019-05-03,SDP,LAD
2019-05-03,MIN,NYY
2019-05-03,MIA,ATL
2019-05-03,PIT,OAK
2019-05-03,BAL,TBR
2019-05-03,SEA,CLE
2019-05-03,PHI,WSN
2019-05-03,CHC,STL
2019-05-03,NYM,MIL
2019-05-03,COL,ARI
2019-05-03,CHW,BOS
2019-05-03,TOR,TEX
2019-05-03,CIN,SFG
2019-05-03,DET,KCR
2019-05-04,LAA,HOU
2019-05-04,SDP,LAD
2019-05-04,MIN,NYY
2019-05-04,MIA,ATL
2019-05-04,PIT,OAK
2019-05-04,BAL,TBR
2019-05-04,SEA,CLE
2019-05-04,PHI,WSN
2019-05-04,CHC,STL
2019-05-04,NYM,MIL
2019-05-04,COL,ARI
2019-05-04,CHW,BOS
2019-05-04,TOR,TEX
2019-05-04,CIN,SFG
2019-05-04,DET,KCR
2019-05-05,LAA,HOU
2019-05-05,SDP,LAD
2019-05-05,MIN,NYY
2019-05-05,MIA,ATL
2019-05-05,PIT,OAK
2019-05-05,SEA,CLE
2019-05-05,PHI,WSN
2019-05-05,CHC,STL
2019-05-05,NYM,MIL
2019-05-05,COL,ARI
2019-05-05,CHW,BOS
2019-05-05,TOR,TEX
2019-05-05,CIN,SFG
2019-05-05,DET,KCR
2019-05-06,KCR,HOU
2019-05-06,ATL,LAD
2019-05-06,SEA,NYY
2019-05-06,TOR,MIN
2019-05-06,ARI,TBR
2019-05-06,CHW,CLE
2019-05-06,MIL,WSN
2019-05-06,PHI,STL
2019-05-06,SDP,NYM
2019-05-06,BAL,BOS
2019-05-06,MIA,CHC
2019-05-06,CIN,SFG
2019-05-07,KCR,HOU
2019-05-07,ATL,LAD
2019-05-07,SEA,NYY
2019-05-07,TOR,MIN
2019-05-07,CIN,OAK
2019-05-07,ARI,TBR
2019-05-07,CHW,CLE
2019-05-07,MIL,WSN
2019-05-07,PHI,STL
2019-05-07,SDP,NYM
2019-05-07,BAL,BOS
2019-05-07,MIA,CHC
2019-05-07,PIT,TEX
2019-05-07,COL,SFG
2019-05-07,DET,LAA
2019-05-08,KCR,HOU
2019-05-08,ATL,LAD
2019-05-08,SEA,NYY
2019-05-08,TOR,MIN
2019-05-08,CIN,OAK
2019-05-08,ARI,TBR
2019-05-08,CHW,CLE
2019-05-08,MIL,WSN
2019-05-08,PHI,STL
2019-05-08,SDP,NYM
2019-05-08,BAL,BOS
2019-05-08,MIA,CHC
2019-05-08,PIT,TEX
2019-05-08,DET,LAA
2019-05-09,TEX,HOU
2019-05-09,WSN,LAD
2019-05-09,SEA,NYY
2019-05-09,ARI,ATL
2019-05-09,CIN,OAK
2019-05-09,CHW,CLE
2019-05-09,PIT,STL
2019-05-09,MIA,CHC
2019-05-09,COL,SFG
2019-05-09,DET,LAA
2019-05-10,TEX,HOU
2019-05-10,WSN,LAD
2019-05-10,TBR,NYY
2019-05-10,DET,MIN
2019-05-10,ARI,ATL
2019-05-10,CLE,OAK
2019-05-10,PIT,STL
2019-05-10,CHC,MIL
2019-05-10,MIA,NYM
2019-05-10,SEA,BOS
2019-05-10,KCR,PHI
2019-05-10,CIN,SFG
2019-05-10,TOR,CHW
2019-05-10,BAL,LAA
2019-05-10,SDP,COL
2019-05-11,TEX,HOU
2019-05-11,WSN,LAD
2019-05-11,TBR,NYY
2019-05-11,DET,MIN
2019-05-11,DET,MIN
2019-05-11,ARI,ATL
2019-05-11,CLE,OAK
2019-05-11,PIT,STL
2019-05-11,CHC,MIL
2019-05-11,MIA,NYM
2019-05-11,SEA,BOS
2019-05-11,KCR,PHI
2019-05-11,CIN,SFG
2019-05-11,TOR,CHW
2019-05-11,BAL,LAA
2019-05-11,SDP,COL
2019-05-12,TEX,HOU
2019-05-12,WSN,LAD
2019-05-12,TBR,NYY
2019-05-12,DET,MIN
2019-05-12,ARI,ATL
2019-05-12,CLE,OAK
2019-05-12,PIT,STL
2019-05-12,CHC,MIL
2019-05-12,SEA,BOS
2019-05-12,KCR,PHI
2019-05-12,CIN,SFG
2019-05-12,TOR,CHW
2019-05-12,BAL,LAA
2019-05-12,SDP,COL
2019-05-13,DET,HOU
2019-05-13,LAA,MIN
2019-05-13,SEA,OAK
2019-05-13,CHW,CLE
2019-05-13,PHI,MIL
2019-05-13,PIT,ARI
2019-05-14,DET,HOU
2019-05-14,SDP,LAD
2019-05-14,LAA,MIN
2019-05-14,STL,ATL
2019-05-14,SEA,OAK
2019-05-14,MIA,TBR
2019-05-14,CHW,CLE
2019-05-14,NYM,WSN
2019-05-14,PHI,MIL
2019-05-14,PIT,ARI
2019-05-14,COL,BOS
2019-05-14,CIN,CHC
2019-05-14,KCR,TEX
2019-05-14,TOR,SFG
2019-05-15,DET,HOU
2019-05-15,SDP,LAD
2019-05-15,BAL,NYY
2019-05-15,BAL,NYY
2019-05-15,LAA,MIN
2019-05-15,STL,ATL
2019-05-15,MIA,TBR
2019-05-15,NYM,WSN
2019-05-15,PHI,MIL
2019-05-15,PIT,ARI
2019-05-15,COL,BOS
2019-05-15,CIN,CHC
2019-05-15,KCR,TEX
2019-05-15,TOR,SFG
2019-05-16,SEA,MIN
2019-05-16,STL,ATL
2019-05-16,DET,OAK
2019-05-16,BAL,CLE
2019-05-16,NYM,WSN
2019-05-16,PHI,MIL
2019-05-16,CIN,CHC
2019-05-16,KCR,TEX
2019-05-16,TOR,CHW
2019-05-16,PIT,SDP
2019-05-17,BOS,HOU
2019-05-17,CIN,LAD
2019-05-17,TBR,NYY
2019-05-17,SEA,MIN
2019-05-17,MIL,ATL
2019-05-17,DET,OAK
2019-05-17,BAL,CLE
2019-05-17,CHC,WSN
2019-05-17,TEX,STL
2019-05-17,MIA,NYM
2019-05-17,SFG,ARI
2019-05-17,COL,PHI
2019-05-17,TOR,CHW
2019-05-17,KCR,LAA
2019-05-17,PIT,SDP
2019-05-18,BOS,HOU
2019-05-18,CIN,LAD
2019-05-18,TBR,NYY
2019-05-18,SEA,MIN
2019-05-18,MIL,ATL
2019-05-18,DET,OAK
2019-05-18,BAL,CLE
2019-05-18,CHC,WSN
2019-05-18,TEX,STL
2019-05-18,MIA,NYM
2019-05-18,SFG,ARI
2019-05-18,COL,PHI
2019-05-18,TOR,CHW
2019-05-18,KCR,LAA
2019-05-18,PIT,SDP
2019-05-19,BOS,HOU
2019-05-19,CIN,LAD
2019-05-19,TBR,NYY
2019-05-19,SEA,MIN
2019-05-19,MIL,ATL
2019-05-19,DET,OAK
2019-05-19,BAL,CLE
2019-05-19,CHC,WSN
2019-05-19,TEX,STL
2019-05-19,MIA,NYM
2019-05-19,SFG,ARI
2019-05-19,COL,PHI
2019-05-19,TOR,CHW
2019-05-19,KCR,LAA
2019-05-19,PIT,SDP
2019-05-20,CHW,HOU
2019-05-20,BAL,NYY
2019-05-20,LAA,MIN
2019-05-20,SFG,ATL
2019-05-20,CLE,OAK
2019-05-20,NYM,WSN
2019-05-20,SDP,ARI
2019-05-20,TOR,BOS
2019-05-20,PHI,CHC
2019-05-20,SEA,TEX
2019-05-21,CHW,HOU
2019-05-21,TBR,LAD
2019-05-21,BAL,NYY
2019-05-21,LAA,MIN
2019-05-21,SFG,ATL
2019-05-21,CLE,OAK
2019-05-21,NYM,WSN
2019-05-21,CIN,MIL
2019-05-21,SDP,ARI
2019-05-21,TOR,BOS
2019-05-21,PHI,CHC
2019-05-21,SEA,TEX
2019-05-21,PIT,COL
2019-05-21,DET,MIA
2019-05-22,CHW,HOU
2019-05-22,TBR,LAD
2019-05-22,BAL,NYY
2019-05-22,SFG,ATL
2019-05-22,CLE,OAK
2019-05-22,NYM,WSN
2019-05-22,KCR,STL
2019-05-22,KCR,STL
2019-05-22,CIN,MIL
2019-05-22,SDP,ARI
2019-05-22,TOR,BOS
2019-05-22,PHI,CHC
2019-05-22,SEA,TEX
2019-05-22,PIT,COL
2019-05-22,DET,MIA
2019-05-23,CHW,HOU
2019-05-23,BAL,NYY
2019-05-23,LAA,MIN
2019-05-23,SFG,ATL
2019-05-23,CLE,TBR
2019-05-23,NYM,WSN
2019-05-23,TOR,BOS
2019-05-23,PHI,CHC
2019-05-23,PIT,COL
2019-05-23,DET,MIA
2019-05-24,BOS,HOU
2019-05-24,PIT,LAD
2019-05-24,CHW,MIN
2019-05-24,STL,ATL
2019-05-24,SEA,OAK
2019-05-24,CLE,TBR
2019-05-24,MIA,WSN
2019-05-24,PHI,MIL
2019-05-24,DET,NYM
2019-05-24,SFG,ARI
2019-05-24,CIN,CHC
2019-05-24,LAA,TEX
2019-05-24,BAL,COL
2019-05-24,TOR,SDP
2019-05-25,BOS,HOU
2019-05-25,PIT,LAD
2019-05-25,KCR,NYY
2019-05-25,KCR,NYY
2019-05-25,CHW,MIN
2019-05-25,STL,ATL
2019-05-25,SEA,OAK
2019-05-25,CLE,TBR
2019-05-25,MIA,WSN
2019-05-25,PHI,MIL
2019-05-25,DET,NYM
2019-05-25,SFG,ARI
2019-05-25,CIN,CHC
2019-05-25,LAA,TEX
2019-05-25,BAL,COL
2019-05-25,TOR,SDP
2019-05-26,BOS,HOU
2019-05-26,PIT,LAD
2019-05-26,KCR,NYY
2019-05-26,CHW,MIN
2019-05-26,STL,ATL
2019-05-26,SEA,OAK
2019-05-26,CLE,TBR
2019-05-26,MIA,WSN
2019-05-26,PHI,MIL
2019-05-26,DET,NYM
2019-05-26,SFG,ARI
2019-05-26,CIN,CHC
2019-05-26,LAA,TEX
2019-05-26,BAL,COL
2019-05-26,TOR,SDP
2019-05-27,CHC,HOU
2019-05-27,NYM,LAD
2019-05-27,SDP,NYY
2019-05-27,MIL,MIN
2019-05-27,LAA,OAK
2019-05-27,TOR,TBR
2019-05-27,BOS,CLE
2019-05-27,MIA,WSN
2019-05-27,COL,ARI
2019-05-27,SEA,TEX
2019-05-27,PIT,CIN
2019-05-27,PIT,CIN
2019-05-27,KCR,CHW
2019-05-27,DET,BAL
2019-05-28,CHC,HOU
2019-05-28,NYM,LAD
2019-05-28,SDP,NYY
2019-05-28,MIL,MIN
2019-05-28,WSN,ATL
2019-05-28,LAA,OAK
2019-05-28,TOR,TBR
2019-05-28,BOS,CLE
2019-05-28,PHI,STL
2019-05-28,COL,ARI
2019-05-28,SEA,TEX
2019-05-28,MIA,SFG
2019-05-28,PIT,CIN
2019-05-28,KCR,CHW
2019-05-28,DET,BAL
2019-05-29,CHC,HOU
2019-05-29,NYM,LAD
2019-05-29,SDP,NYY
2019-05-29,WSN,ATL
2019-05-29,LAA,OAK
2019-05-29,TOR,TBR
2019-05-29,BOS,CLE
2019-05-29,PHI,STL
2019-05-29,COL,ARI
2019-05-29,SEA,TEX
2019-05-29,MIA,SFG
2019-05-29,PIT,CIN
2019-05-29,KCR,CHW
2019-05-29,DET,BAL
2019-05-30,NYM,LAD
2019-05-30,TBR,MIN
2019-05-30,CHW,CLE
2019-05-30,PHI,STL
2019-05-30,PIT,MIL
2019-05-30,COL,ARI
2019-05-30,KCR,TEX
2019-05-30,MIA,SFG
2019-05-30,SEA,LAA
2019-05-31,OAK,HOU
2019-05-31,PHI,LAD
2019-05-31,BOS,NYY
2019-05-31,TBR,MIN
2019-05-31,DET,ATL
2019-05-31,CHW,CLE
2019-05-31,CIN,WSN
2019-05-31,CHC,STL
2019-05-31,PIT,MIL
2019-05-31,ARI,NYM
2019-05-31,KCR,TEX
2019-05-31,BAL,SFG
2019-05-31,SEA,LAA
2019-05-31,TOR,COL
2019-05-31,MIA,SDP
2019-06-01,OAK,HOU
2019-06-01,PHI,LAD
2019-06-01,BOS,NYY
2019-06-01,TBR,MIN
2019-06-01,DET,ATL
2019-06-01,CHW,CLE
2019-06-01,CIN,WSN
2019-06-01,CHC,STL
2019-06-01,PIT,MIL
2019-06-01,ARI,NYM
2019-06-01,KCR,TEX
2019-06-01,BAL,SFG
2019-06-01,SEA,LAA
2019-06-01,TOR,COL
2019-06-01,MIA,SDP
2019-06-02,OAK,HOU
2019-06-02,PHI,LAD
2019-06-02,BOS,NYY
2019-06-02,TBR,MIN
2019-06-02,DET,ATL
2019-06-02,CHW,CLE
2019-06-02,CIN,WSN
2019-06-02,CHC,STL
2019-06-02,PIT,MIL
2019-06-02,ARI,NYM
2019-06-02,KCR,TEX
2019-06-02,BAL,SFG
2019-06-02,SEA,LAA
2019-06-02,TOR,COL
2019-06-02,MIA,SDP
2019-06-03,SEA,HOU
2019-06-03,ARI,LAD
2019-06-03,LAA,CHC
2019-06-03,SDP,PHI
2019-06-04,SEA,HOU
2019-06-04,ARI,LAD
2019-06-04,TOR,NYY
2019-06-04,CLE,MIN
2019-06-04,PIT,ATL
2019-06-04,LAA,OAK
2019-06-04,DET,TBR
2019-06-04,CHW,WSN
2019-06-04,CIN,STL
2019-06-04,MIA,MIL
2019-06-04,SFG,NYM
2019-06-04,KCR,BOS
2019-06-04,COL,CHC
2019-06-04,SDP,PHI
2019-06-04,BAL,TEX
2019-06-05,SEA,HOU
2019-06-05,ARI,LAD
2019-06-05,TOR,NYY
2019-06-05,CLE,MIN
2019-06-05,PIT,ATL
2019-06-05,LAA,OAK
2019-06-05,DET,TBR
2019-06-05,CHW,WSN
2019-06-05,MIA,MIL
2019-06-05,SFG,NYM
2019-06-05,KCR,BOS
2019-06-05,COL,CHC
2019-06-05,SDP,PHI
2019-06-05,BAL,TEX
2019-06-06,SEA,HOU
2019-06-06,TOR,NYY
2019-06-06,CLE,MIN
2019-06-06,PIT,ATL
2019-06-06,LAA,OAK
2019-06-06,DET,TBR
2019-06-06,SDP,WSN
2019-06-06,CIN,STL
2019-06-06,MIA,MIL
2019-06-06,SFG,NYM
2019-06-06,KCR,BOS
2019-06-06,COL,CHC
2019-06-06,BAL,TEX
2019-06-07,BAL,HOU
2019-06-07,SFG,LAD
2019-06-07,CLE,NYY
2019-06-07,DET,MIN
2019-06-07,MIA,ATL
2019-06-07,TEX,OAK
2019-06-07,BOS,TBR
2019-06-07,SDP,WSN
2019-06-07,CHC,STL
2019-06-07,PIT,MIL
2019-06-07,COL,NYM
2019-06-07,TOR,ARI
2019-06-07,CIN,PHI
2019-06-07,KCR,CHW
2019-06-07,SEA,LAA
2019-06-08,BAL,HOU
2019-06-08,SFG,LAD
2019-06-08,CLE,NYY
2019-06-08,DET,MIN
2019-06-08,MIA,ATL
2019-06-08,TEX,OAK
2019-06-08,TEX,OAK
2019-06-08,BOS,TBR
2019-06-08,BOS,TBR
2019-06-08,SDP,WSN
2019-06-08,CHC,STL
2019-06-08,PIT,MIL
2019-06-08,COL,NYM
2019-06-08,TOR,ARI
2019-06-08,CIN,PHI
2019-06-08,KCR,CHW
2019-06-08,SEA,LAA
2019-06-09,BAL,HOU
2019-06-09,SFG,LAD
2019-06-09,CLE,NYY
2019-06-09,DET,MIN
2019-06-09,MIA,ATL
2019-06-09,TEX,OAK
2019-06-09,BOS,TBR
2019-06-09,SDP,WSN
2019-06-09,CHC,STL
2019-06-09,PIT,MIL
2019-06-09,COL,NYM
2019-06-09,TOR,ARI
2019-06-09,CIN,PHI
2019-06-09,KCR,CHW
2019-06-09,SEA,LAA
2019-06-10,LAA,LAD
2019-06-10,PIT,ATL
2019-06-10,TBR,OAK
2019-06-10,CHW,WSN
2019-06-10,MIA,STL
2019-06-10,PHI,ARI
2019-06-10,TEX,BOS
2019-06-10,COL,CHC
2019-06-11,MIL,HOU
2019-06-11,LAA,LAD
2019-06-11,NYM,NYY
2019-06-11,NYM,NYY
2019-06-11,SEA,MIN
2019-06-11,PIT,ATL
2019-06-11,TBR,OAK
2019-06-11,CIN,CLE
2019-06-11,CHW,WSN
2019-06-11,MIA,STL
2019-06-11,PHI,ARI
2019-06-11,TEX,BOS
2019-06-11,COL,CHC
2019-06-11,SDP,SFG
2019-06-11,BAL,TOR
2019-06-11,DET,KCR
2019-06-12,MIL,HOU
2019-06-12,SEA,MIN
2019-06-12,PIT,ATL
2019-06-12,TBR,OAK
2019-06-12,CIN,CLE
2019-06-12,MIA,STL
2019-06-12,PHI,ARI
2019-06-12,TEX,BOS
2019-06-12,COL,CHC
2019-06-12,SDP,SFG
2019-06-12,BAL,TOR
2019-06-12,DET,KCR
2019-06-13,CHC,LAD
2019-06-13,CHW,NYY
2019-06-13,SEA,MIN
2019-06-13,PIT,ATL
2019-06-13,LAA,TBR
2019-06-13,ARI,WSN
2019-06-13,NYM,STL
2019-06-13,TEX,BOS
2019-06-13,SDP,COL
2019-06-13,BAL,TOR
2019-06-13,DET,KCR
2019-06-14,TOR,HOU
2019-06-14,CHC,LAD
2019-06-14,CHW,NYY
2019-06-14,KCR,MIN
2019-06-14,PHI,ATL
2019-06-14,SEA,OAK
2019-06-14,LAA,TBR
2019-06-14,DET,CLE
2019-06-14,ARI,WSN
2019-06-14,NYM,STL
2019-06-14,SFG,MIL
2019-06-14,BAL,BOS
2019-06-14,CIN,TEX
2019-06-14,SDP,COL
2019-06-14,MIA,PIT
2019-06-15,TOR,HOU
2019-06-15,CHC,LAD
2019-06-15,CHW,NYY
2019-06-15,KCR,MIN
2019-06-15,PHI,ATL
2019-06-15,SEA,OAK
2019-06-15,LAA,TBR
2019-06-15,DET,CLE
2019-06-15,ARI,WSN
2019-06-15,NYM,STL
2019-06-15,SFG,MIL
2019-06-15,BAL,BOS
2019-06-15,CIN,TEX
2019-06-15,SDP,COL
2019-06-15,MIA,PIT
2019-06-16,TOR,HOU
2019-06-16,CHC,LAD
2019-06-16,CHW,NYY
2019-06-16,KCR,MIN
2019-06-16,PHI,ATL
2019-06-16,SEA,OAK
2019-06-16,LAA,TBR
2019-06-16,DET,CLE
2019-06-16,ARI,WSN
2019-06-16,NYM,STL
2019-06-16,SFG,MIL
2019-06-16,BAL,BOS
2019-06-16,CIN,TEX
2019-06-16,SDP,COL
2019-06-16,MIA,PIT
2019-06-17,CIN,HOU
2019-06-17,SFG,LAD
2019-06-17,TBR,NYY
2019-06-17,BOS,MIN
2019-06-17,NYM,ATL
2019-06-17,BAL,OAK
2019-06-17,TEX,CLE
2019-06-17,MIA,STL
2019-06-17,SDP,MIL
2019-06-17,TOR,LAA
2019-06-17,KCR,SEA
2019-06-18,CIN,HOU
2019-06-18,SFG,LAD
2019-06-18,TBR,NYY
2019-06-18,BOS,MIN
2019-06-18,NYM,ATL
2019-06-18,BAL,OAK
2019-06-18,TEX,CLE
2019-06-18,MIA,STL
2019-06-18,SDP,MIL
2019-06-18,COL,ARI
2019-06-18,CHW,CHC
2019-06-18,TOR,LAA
2019-06-18,DET,PIT
2019-06-18,KCR,SEA
2019-06-19,CIN,HOU
2019-06-19,SFG,LAD
2019-06-19,TBR,NYY
2019-06-19,BOS,MIN
2019-06-19,NYM,ATL
2019-06-19,BAL,OAK
2019-06-19,TEX,CLE
2019-06-19,PHI,WSN
2019-06-19,PHI,WSN
2019-06-19,MIA,STL
2019-06-19,SDP,MIL
2019-06-19,COL,ARI
2019-06-19,CHW,CHC
2019-06-19,TOR,LAA
2019-06-19,DET,PIT
2019-06-19,KCR,SEA
2019-06-20,NYY,HOU
2019-06-20,SFG,LAD
2019-06-20,KCR,MIN
2019-06-20,TBR,OAK
2019-06-20,TEX,CLE
2019-06-20,PHI,WSN
2019-06-20,MIA,STL
2019-06-20,CIN,MIL
2019-06-20,CHC,NYM
2019-06-20,COL,ARI
2019-06-20,TOR,LAA
2019-06-20,BAL,SEA
2019-06-21,NYY,HOU
2019-06-21,COL,LAD
2019-06-21,KCR,MIN
2019-06-21,WSN,ATL
2019-06-21,TBR,OAK
2019-06-21,DET,CLE
2019-06-21,LAA,STL
2019-06-21,CIN,MIL
2019-06-21,CHC,NYM
2019-06-21,SFG,ARI
2019-06-21,TOR,BOS
2019-06-21,MIA,PHI
2019-06-21,CHW,TEX
2019-06-21,PIT,SDP
2019-06-21,BAL,SEA
2019-06-22,NYY,HOU
2019-06-22,COL,LAD
2019-06-22,KCR,MIN
2019-06-22,WSN,ATL
2019-06-22,TBR,OAK
2019-06-22,DET,CLE
2019-06-22,LAA,STL
2019-06-22,CIN,MIL
2019-06-22,CHC,NYM
2019-06-22,SFG,ARI
2019-06-22,TOR,BOS
2019-06-22,MIA,PHI
2019-06-22,CHW,TEX
2019-06-22,PIT,SDP
2019-06-22,BAL,SEA
2019-06-23,NYY,HOU
2019-06-23,COL,LAD
2019-06-23,KCR,MIN
2019-06-23,WSN,ATL
2019-06-23,TBR,OAK
2019-06-23,DET,CLE
2019-06-23,LAA,STL
2019-06-23,CIN,MIL
2019-06-23,CHC,NYM
2019-06-23,SFG,ARI
2019-06-23,TOR,BOS
2019-06-23,MIA,PHI
2019-06-23,CHW,TEX
2019-06-23,PIT,SDP
2019-06-23,BAL,SEA
2019-06-24,ARI,LAD
2019-06-24,TOR,NYY
2019-06-24,CHC,ATL
2019-06-24,KCR,CLE
2019-06-24,PHI,NYM
2019-06-24,CHW,BOS
2019-06-24,COL,SFG
2019-06-25,PIT,HOU
2019-06-25,ARI,LAD
2019-06-25,TOR,NYY
2019-06-25,TBR,MIN
2019-06-25,CHC,ATL
2019-06-25,STL,OAK
2019-06-25,KCR,CLE
2019-06-25,MIA,WSN
2019-06-25,SEA,MIL
2019-06-25,PHI,NYM
2019-06-25,CHW,BOS
2019-06-25,DET,TEX
2019-06-25,COL,SFG
2019-06-25,LAA,CIN
2019-06-25,BAL,SDP
2019-06-26,PIT,HOU
2019-06-26,ARI,LAD
2019-06-26,TOR,NYY
2019-06-26,TBR,MIN
2019-06-26,CHC,ATL
2019-06-26,STL,OAK
2019-06-26,KCR,CLE
2019-06-26,MIA,WSN
2019-06-26,SEA,MIL
2019-06-26,PHI,NYM
2019-06-26,CHW,BOS
2019-06-26,DET,TEX
2019-06-26,COL,SFG
2019-06-26,LAA,CIN
2019-06-26,BAL,SDP
2019-06-27,PIT,HOU
2019-06-27,COL,LAD
2019-06-27,TBR,MIN
2019-06-27,CHC,ATL
2019-06-27,LAA,OAK
2019-06-27,MIA,WSN
2019-06-27,SEA,MIL
2019-06-27,PHI,NYM
2019-06-27,SFG,ARI
2019-06-27,DET,TEX
2019-06-28,SEA,HOU
2019-06-28,COL,LAD
2019-06-28,CHW,MIN
2019-06-28,NYM,ATL
2019-06-28,LAA,OAK
2019-06-28,TEX,TBR
2019-06-28,BAL,CLE
2019-06-28,DET,WSN
2019-06-28,SDP,STL
2019-06-28,PIT,MIL
2019-06-28,SFG,ARI
2019-06-28,CIN,CHC
2019-06-28,MIA,PHI
2019-06-28,KCR,TOR
2019-06-29,SEA,HOU
2019-06-29,COL,LAD
2019-06-29,BOS,NYY
2019-06-29,CHW,MIN
2019-06-29,NYM,ATL
2019-06-29,LAA,OAK
2019-06-29,TEX,TBR
2019-06-29,BAL,CLE
2019-06-29,DET,WSN
2019-06-29,SDP,STL
2019-06-29,PIT,MIL
2019-06-29,SFG,ARI
2019-06-29,CIN,CHC
2019-06-29,MIA,PHI
2019-06-29,KCR,TOR
2019-06-30,SEA,HOU
2019-06-30,COL,LAD
2019-06-30,BOS,NYY
2019-06-30,CHW,MIN
2019-06-30,NYM,ATL
2019-06-30,LAA,OAK
2019-06-30,TEX,TBR
2019-06-30,BAL,CLE
2019-06-30,DET,WSN
2019-06-30,SDP,STL
2019-06-30,PIT,MIL
2019-06-30,SFG,ARI
2019-06-30,CIN,CHC
2019-06-30,MIA,PHI
2019-06-30,KCR,TOR
2019-07-01,BAL,TBR
2019-07-01,CIN,MIL
2019-07-01,PIT,CHC
2019-07-01,SDP,SFG
2019-07-01,KCR,TOR
2019-07-02,COL,HOU
2019-07-02,ARI,LAD
2019-07-02,NYM,NYY
2019-07-02,OAK,MIN
2019-07-02,PHI,ATL
2019-07-02,BAL,TBR
2019-07-02,KCR,CLE
2019-07-02,MIA,WSN
2019-07-02,SEA,STL
2019-07-02,CIN,MIL
2019-07-02,TOR,BOS
2019-07-02,PIT,CHC
2019-07-02,LAA,TEX
2019-07-02,SDP,SFG
2019-07-03,COL,HOU
2019-07-03,ARI,LAD
2019-07-03,NYM,NYY
2019-07-03,OAK,MIN
2019-07-03,PHI,ATL
2019-07-03,BAL,TBR
2019-07-03,KCR,CLE
2019-07-03,MIA,WSN
2019-07-03,SEA,STL
2019-07-03,CIN,MIL
2019-07-03,TOR,BOS
2019-07-03,PIT,CHC
2019-07-03,LAA,TEX
2019-07-03,SDP,SFG
2019-07-03,DET,CHW
2019-07-03,DET,CHW
2019-07-04,SDP,LAD
2019-07-04,TBR,NYY
2019-07-04,OAK,MIN
2019-07-04,PHI,ATL
2019-07-04,KCR,CLE
2019-07-04,MIA,WSN
2019-07-04,SEA,STL
2019-07-04,CIN,MIL
2019-07-04,TOR,BOS
2019-07-04,PIT,CHC
2019-07-04,LAA,TEX
2019-07-04,DET,CHW
2019-07-05,LAA,HOU
2019-07-05,SDP,LAD
2019-07-05,TBR,NYY
2019-07-05,TEX,MIN
2019-07-05,MIA,ATL
2019-07-05,SEA,OAK
2019-07-05,KCR,WSN
2019-07-05,SFG,STL
2019-07-05,PIT,MIL
2019-07-05,PHI,NYM
2019-07-05,COL,ARI
2019-07-05,DET,BOS
2019-07-05,BAL,TOR
2019-07-06,LAA,HOU
2019-07-06,SDP,LAD
2019-07-06,TBR,NYY
2019-07-06,TEX,MIN
2019-07-06,MIA,ATL
2019-07-06,SEA,OAK
2019-07-06,CIN,CLE
2019-07-06,KCR,WSN
2019-07-06,SFG,STL
2019-07-06,PIT,MIL
2019-07-06,PHI,NYM
2019-07-06,COL,ARI
2019-07-06,DET,BOS
2019-07-06,CHW,CHC
2019-07-06,BAL,TOR
2019-07-07,LAA,HOU
2019-07-07,SDP,LAD
2019-07-07,TBR,NYY
2019-07-07,TEX,MIN
2019-07-07,MIA,ATL
2019-07-07,SEA,OAK
2019-07-07,CIN,CLE
2019-07-07,KCR,WSN
2019-07-07,SFG,STL
2019-07-07,PIT,MIL
2019-07-07,PHI,NYM
2019-07-07,COL,ARI
2019-07-07,DET,BOS
2019-07-07,CHW,CHC
2019-07-07,BAL,TOR
2019-07-11,TEX,HOU
2019-07-12,TEX,HOU
2019-07-12,BOS,LAD
2019-07-12,TOR,NYY
2019-07-12,CLE,MIN
2019-07-12,SDP,ATL
2019-07-12,CHW,OAK
2019-07-12,BAL,TBR
2019-07-12,PHI,WSN
2019-07-12,ARI,STL
2019-07-12,SFG,MIL
2019-07-12,MIA,NYM
2019-07-12,PIT,CHC
2019-07-12,COL,CIN
2019-07-12,SEA,LAA
2019-07-12,DET,KCR
2019-07-13,TEX,HOU
2019-07-13,BOS,LAD
2019-07-13,TOR,NYY
2019-07-13,CLE,MIN
2019-07-13,SDP,ATL
2019-07-13,CHW,OAK
2019-07-13,BAL,TBR
2019-07-13,BAL,TBR
2019-07-13,PHI,WSN
2019-07-13,ARI,STL
2019-07-13,SFG,MIL
2019-07-13,MIA,NYM
2019-07-13,PIT,CHC
2019-07-13,COL,CIN
2019-07-13,SEA,LAA
2019-07-13,DET,KCR
2019-07-14,TEX,HOU
2019-07-14,BOS,LAD
2019-07-14,TOR,NYY
2019-07-14,CLE,MIN
2019-07-14,SDP,ATL
2019-07-14,CHW,OAK
2019-07-14,BAL,TBR
2019-07-14,PHI,WSN
2019-07-14,ARI,STL
2019-07-14,SFG,MIL
2019-07-14,MIA,NYM
2019-07-14,PIT,CHC
2019-07-14,COL,CIN
2019-07-14,SEA,LAA
2019-07-14,DET,KCR
2019-07-15,LAA,HOU
2019-07-15,PHI,LAD
2019-07-15,TBR,NYY
2019-07-15,MIL,ATL
2019-07-15,DET,CLE
2019-07-15,PIT,STL
2019-07-15,TOR,BOS
2019-07-15,CIN,CHC
2019-07-15,COL,SFG
2019-07-15,COL,SFG
2019-07-15,KCR,CHW
2019-07-16,LAA,HOU
2019-07-16,PHI,LAD
2019-07-16,TBR,NYY
2019-07-16,NYM,MIN
2019-07-16,MIL,ATL
2019-07-16,SEA,OAK
2019-07-16,DET,CLE
2019-07-16,BAL,WSN
2019-07-16,PIT,STL
2019-07-16,TEX,ARI
2019-07-16,TOR,BOS
2019-07-16,CIN,CHC
2019-07-16,COL,SFG
2019-07-16,KCR,CHW
2019-07-16,MIA,SDP
2019-07-17,LAA,HOU
2019-07-17,PHI,LAD
2019-07-17,NYM,MIN
2019-07-17,MIL,ATL
2019-07-17,SEA,OAK
2019-07-17,DET,CLE
2019-07-17,BAL,WSN
2019-07-17,PIT,STL
2019-07-17,TEX,ARI
2019-07-17,TOR,BOS
2019-07-17,CIN,CHC
2019-07-17,COL,SFG
2019-07-17,KCR,CHW
2019-07-17,MIA,SDP
2019-07-18,LAA,HOU
2019-07-18,PHI,LAD
2019-07-18,TBR,NYY
2019-07-18,TBR,NYY
2019-07-18,OAK,MIN
2019-07-18,WSN,ATL
2019-07-18,DET,CLE
2019-07-18,CIN,STL
2019-07-18,ARI,MIL
2019-07-18,SFG,NYM
2019-07-18,TOR,BOS
2019-07-18,KCR,CHW
2019-07-18,MIA,SDP
2019-07-19,TEX,HOU
2019-07-19,MIA,LAD
2019-07-19,COL,NYY
2019-07-19,OAK,MIN
2019-07-19,WSN,ATL
2019-07-19,CHW,TBR
2019-07-19,KCR,CLE
2019-07-19,CIN,STL
2019-07-19,ARI,MIL
2019-07-19,SFG,NYM
2019-07-19,BAL,BOS
2019-07-19,SDP,CHC
2019-07-19,PIT,PHI
2019-07-19,SEA,LAA
2019-07-19,DET,TOR
2019-07-20,TEX,HOU
2019-07-20,MIA,LAD
2019-07-20,COL,NYY
2019-07-20,OAK,MIN
2019-07-20,WSN,ATL
2019-07-20,CHW,TBR
2019-07-20,KCR,CLE
2019-07-20,CIN,STL
2019-07-20,ARI,MIL
2019-07-20,SFG,NYM
2019-07-20,BAL,BOS
2019-07-20,SDP,CHC
2019-07-20,PIT,PHI
2019-07-20,SEA,LAA
2019-07-20,DET,TOR
2019-07-21,TEX,HOU
2019-07-21,MIA,LAD
2019-07-21,COL,NYY
2019-07-21,OAK,MIN
2019-07-21,WSN,ATL
2019-07-21,CHW,TBR
2019-07-21,KCR,CLE
2019-07-21,CIN,STL
2019-07-21,ARI,MIL
2019-07-21,SFG,NYM
2019-07-21,BAL,BOS
2019-07-21,SDP,CHC
2019-07-21,PIT,PHI
2019-07-21,SEA,LAA
2019-07-21,DET,TOR
2019-07-22,OAK,HOU
2019-07-22,MIN,NYY
2019-07-22,BOS,TBR
2019-07-22,TOR,CLE
2019-07-22,PIT,STL
2019-07-22,CIN,MIL
2019-07-22,BAL,ARI
2019-07-22,SFG,CHC
2019-07-22,SEA,TEX
2019-07-22,MIA,CHW
2019-07-23,OAK,HOU
2019-07-23,LAA,LAD
2019-07-23,MIN,NYY
2019-07-23,KCR,ATL
2019-07-23,BOS,TBR
2019-07-23,TOR,CLE
2019-07-23,COL,WSN
2019-07-23,PIT,STL
2019-07-23,CIN,MIL
2019-07-23,SDP,NYM
2019-07-23,BAL,ARI
2019-07-23,SFG,CHC
2019-07-23,DET,PHI
2019-07-23,SEA,TEX
2019-07-23,MIA,CHW
2019-07-24,OAK,HOU
2019-07-24,LAA,LAD
2019-07-24,MIN,NYY
2019-07-24,KCR,ATL
2019-07-24,BOS,TBR
2019-07-24,TOR,CLE
2019-07-24,COL,WSN
2019-07-24,COL,WSN
2019-07-24,PIT,STL
2019-07-24,CIN,MIL
2019-07-24,SDP,NYM
2019-07-24,BAL,ARI
2019-07-24,SFG,CHC
2019-07-24,DET,PHI
2019-07-24,SEA,TEX
2019-07-24,MIA,CHW
2019-07-25,BOS,NYY
2019-07-25,CHW,MIN
2019-07-25,TEX,OAK
2019-07-25,KCR,CLE
2019-07-25,COL,WSN
2019-07-25,PIT,STL
2019-07-25,SDP,NYM
2019-07-25,BAL,LAA
2019-07-25,DET,SEA
2019-07-26,STL,HOU
2019-07-26,WSN,LAD
2019-07-26,BOS,NYY
2019-07-26,CHW,MIN
2019-07-26,PHI,ATL
2019-07-26,TEX,OAK
2019-07-26,TOR,TBR
2019-07-26,KCR,CLE
2019-07-26,CHC,MIL
2019-07-26,PIT,NYM
2019-07-26,MIA,ARI
2019-07-26,SDP,SFG
2019-07-26,COL,CIN
2019-07-26,BAL,LAA
2019-07-26,DET,SEA
2019-07-27,STL,HOU
2019-07-27,WSN,LAD
2019-07-27,BOS,NYY
2019-07-27,CHW,MIN
2019-07-27,PHI,ATL
2019-07-27,TEX,OAK
2019-07-27,TOR,TBR
2019-07-27,KCR,CLE
2019-07-27,CHC,MIL
2019-07-27,PIT,NYM
2019-07-27,MIA,ARI
2019-07-27,SDP,SFG
2019-07-27,COL,CIN
2019-07-27,BAL,LAA
2019-07-27,DET,SEA
2019-07-28,STL,HOU
2019-07-28,WSN,LAD
2019-07-28,BOS,NYY
2019-07-28,CHW,MIN
2019-07-28,PHI,ATL
2019-07-28,TEX,OAK
2019-07-28,TOR,TBR
2019-07-28,KCR,CLE
2019-07-28,CHC,MIL
2019-07-28,PIT,NYM
2019-07-28,MIA,ARI
2019-07-28,SDP,SFG
2019-07-28,COL,CIN
2019-07-28,BAL,LAA
2019-07-28,DET,SEA
2019-07-29,COL,LAD
2019-07-29,WSN,ATL
2019-07-29,MIA,ARI
2019-07-29,PIT,CIN
2019-07-29,DET,LAA
2019-07-29,BAL,SDP
2019-07-29,KCR,TOR
2019-07-30,CLE,HOU
2019-07-30,COL,LAD
2019-07-30,ARI,NYY
2019-07-30,MIA,MIN
2019-07-30,WSN,ATL
2019-07-30,MIL,OAK
2019-07-30,BOS,TBR
2019-07-30,CHC,STL
2019-07-30,CHW,NYM
2019-07-30,SFG,PHI
2019-07-30,SEA,TEX
2019-07-30,PIT,CIN
2019-07-30,DET,LAA
2019-07-30,BAL,SDP
2019-07-30,KCR,TOR
2019-07-31,CLE,HOU
2019-07-31,COL,LAD
2019-07-31,ARI,NYY
2019-07-31,MIA,MIN
2019-07-31,WSN,ATL
2019-07-31,MIL,OAK
2019-07-31,BOS,TBR
2019-07-31,CHC,STL
2019-07-31,CHW,NYM
2019-07-31,SFG,PHI
2019-07-31,SEA,TEX
2019-07-31,PIT,CIN
2019-07-31,DET,LAA
2019-07-31,KCR,TOR
2019-08-01,CLE,HOU
2019-08-01,SDP,LAD
2019-08-01,MIA,MIN
2019-08-01,CIN,ATL
2019-08-01,MIL,OAK
2019-08-01,BOS,TBR
2019-08-01,CHC,STL
2019-08-01,CHW,NYM
2019-08-01,SFG,PHI
2019-08-01,BAL,TOR
2019-08-02,SEA,HOU
2019-08-02,SDP,LAD
2019-08-02,BOS,NYY
2019-08-02,KCR,MIN
2019-08-02,CIN,ATL
2019-08-02,LAA,CLE
2019-08-02,ARI,WSN
2019-08-02,CHC,MIL
2019-08-02,PIT,NYM
2019-08-02,CHW,PHI
2019-08-02,DET,TEX
2019-08-02,COL,SFG
2019-08-02,BAL,TOR
2019-08-03,SEA,HOU
2019-08-03,SDP,LAD
2019-08-03,BOS,NYY
2019-08-03,BOS,NYY
2019-08-03,KCR,MIN
2019-08-03,CIN,ATL
2019-08-03,STL,OAK
2019-08-03,MIA,TBR
2019-08-03,LAA,CLE
2019-08-03,ARI,WSN
2019-08-03,CHC,MIL
2019-08-03,PIT,NYM
2019-08-03,CHW,PHI
2019-08-03,DET,TEX
2019-08-03,COL,SFG
2019-08-03,BAL,TOR
2019-08-04,SEA,HOU
2019-08-04,SDP,LAD
2019-08-04,BOS,NYY
2019-08-04,KCR,MIN
2019-08-04,CIN,ATL
2019-08-04,STL,OAK
2019-08-04,MIA,TBR
2019-08-04,LAA,CLE
2019-08-04,ARI,WSN
2019-08-04,CHC,MIL
2019-08-04,PIT,NYM
2019-08-04,CHW,PHI
2019-08-04,DET,TEX
2019-08-04,COL,SFG
2019-08-04,BAL,TOR
2019-08-05,STL,LAD
2019-08-05,BAL,NYY
2019-08-05,ATL,MIN
2019-08-05,CHC,OAK
2019-08-05,TOR,TBR
2019-08-05,TEX,CLE
2019-08-05,SFG,WSN
2019-08-05,PIT,MIL
2019-08-05,MIA,NYM
2019-08-05,MIA,NYM
2019-08-05,PHI,ARI
2019-08-05,KCR,BOS
2019-08-05,LAA,CIN
2019-08-05,DET,CHW
2019-08-06,COL,HOU
2019-08-06,STL,LAD
2019-08-06,BAL,NYY
2019-08-06,ATL,MIN
2019-08-06,CHC,OAK
2019-08-06,TOR,TBR
2019-08-06,SFG,WSN
2019-08-06,PIT,MIL
2019-08-06,MIA,NYM
2019-08-06,PHI,ARI
2019-08-06,KCR,BOS
2019-08-06,LAA,CIN
2019-08-06,DET,CHW
2019-08-06,DET,CHW
2019-08-06,SEA,SDP
2019-08-07,COL,HOU
2019-08-07,STL,LAD
2019-08-07,BAL,NYY
2019-08-07,ATL,MIN
2019-08-07,CHC,OAK
2019-08-07,TOR,TBR
2019-08-07,TEX,CLE
2019-08-07,TEX,CLE
2019-08-07,SFG,WSN
2019-08-07,PIT,MIL
2019-08-07,MIA,NYM
2019-08-07,PHI,ARI
2019-08-07,KCR,BOS
2019-08-07,DET,CHW
2019-08-07,SEA,SDP
2019-08-08,TOR,NYY
2019-08-08,CLE,MIN
2019-08-08,MIA,ATL
2019-08-08,LAA,BOS
2019-08-08,CIN,CHC
2019-08-08,SFG,PHI
2019-08-08,SDP,COL
2019-08-08,DET,KCR
2019-08-09,BAL,HOU
2019-08-09,ARI,LAD
2019-08-09,TOR,NYY
2019-08-09,CLE,MIN
2019-08-09,MIA,ATL
2019-08-09,CHW,OAK
2019-08-09,SEA,TBR
2019-08-09,NYM,WSN
2019-08-09,PIT,STL
2019-08-09,TEX,MIL
2019-08-09,LAA,BOS
2019-08-09,CIN,CHC
2019-08-09,SFG,PHI
2019-08-09,SDP,COL
2019-08-09,DET,KCR
2019-08-10,BAL,HOU
2019-08-10,ARI,LAD
2019-08-10,TOR,NYY
2019-08-10,CLE,MIN
2019-08-10,MIA,ATL
2019-08-10,CHW,OAK
2019-08-10,SEA,TBR
2019-08-10,NYM,WSN
2019-08-10,PIT,STL
2019-08-10,TEX,MIL
2019-08-10,LAA,BOS
2019-08-10,CIN,CHC
2019-08-10,SFG,PHI
2019-08-10,SDP,COL
2019-08-10,DET,KCR
2019-08-11,BAL,HOU
2019-08-11,ARI,LAD
2019-08-11,TOR,NYY
2019-08-11,CLE,MIN
2019-08-11,MIA,ATL
2019-08-11,CHW,OAK
2019-08-11,SEA,TBR
2019-08-11,NYM,WSN
2019-08-11,PIT,STL
2019-08-11,TEX,MIL
2019-08-11,LAA,BOS
2019-08-11,CIN,CHC
2019-08-11,SFG,PHI
2019-08-11,SDP,COL
2019-08-11,DET,KCR
2019-08-12,BAL,NYY
2019-08-12,BAL,NYY
2019-08-12,SDP,TBR
2019-08-12,BOS,CLE
2019-08-12,CIN,WSN
2019-08-12,COL,ARI
2019-08-12,TOR,TEX
2019-08-12,PIT,LAA
2019-08-13,CHW,HOU
2019-08-13,CHW,HOU
2019-08-13,MIA,LAD
2019-08-13,BAL,NYY
2019-08-13,MIL,MIN
2019-08-13,NYM,ATL
2019-08-13,SFG,OAK
2019-08-13,SDP,TBR
2019-08-13,BOS,CLE
2019-08-13,CIN,WSN
2019-08-13,KCR,STL
2019-08-13,COL,ARI
2019-08-13,PHI,CHC
2019-08-13,TOR,TEX
2019-08-13,PIT,LAA
2019-08-13,DET,SEA
2019-08-14,CHW,HOU
2019-08-14,MIA,LAD
2019-08-14,BAL,NYY
2019-08-14,MIL,MIN
2019-08-14,NYM,ATL
2019-08-14,SFG,OAK
2019-08-14,SDP,TBR
2019-08-14,BOS,CLE
2019-08-14,CIN,WSN
2019-08-14,KCR,STL
2019-08-14,COL,ARI
2019-08-14,PHI,CHC
2019-08-14,TOR,TEX
2019-08-14,PIT,LAA
2019-08-14,DET,SEA
2019-08-15,OAK,HOU
2019-08-15,MIA,LAD
2019-08-15,CLE,NYY
2019-08-15,TEX,MIN
2019-08-15,NYM,ATL
2019-08-15,CIN,STL
2019-08-15,SFG,ARI
2019-08-15,PHI,CHC
2019-08-15,LAA,CHW
2019-08-15,DET,SEA
2019-08-16,OAK,HOU
2019-08-16,ATL,LAD
2019-08-16,CLE,NYY
2019-08-16,TEX,MIN
2019-08-16,DET,TBR
2019-08-16,MIL,WSN
2019-08-16,CIN,STL
2019-08-16,KCR,NYM
2019-08-16,SFG,ARI
2019-08-16,BAL,BOS
2019-08-16,PIT,CHC
2019-08-16,SDP,PHI
2019-08-16,LAA,CHW
2019-08-16,MIA,COL
2019-08-16,TOR,SEA
2019-08-17,OAK,HOU
2019-08-17,ATL,LAD
2019-08-17,CLE,NYY
2019-08-17,TEX,MIN
2019-08-17,DET,TBR
2019-08-17,MIL,WSN
2019-08-17,CIN,STL
2019-08-17,KCR,NYM
2019-08-17,SFG,ARI
2019-08-17,BAL,BOS
2019-08-17,PIT,CHC
2019-08-17,SDP,PHI
2019-08-17,LAA,CHW
2019-08-17,MIA,COL
2019-08-17,TOR,SEA
2019-08-18,OAK,HOU
2019-08-18,ATL,LAD
2019-08-18,CLE,NYY
2019-08-18,TEX,MIN
2019-08-18,DET,TBR
2019-08-18,MIL,WSN
2019-08-18,CIN,STL
2019-08-18,KCR,NYM
2019-08-18,SFG,ARI
2019-08-18,BAL,BOS
2019-08-18,PIT,CHC
2019-08-18,SDP,PHI
2019-08-18,LAA,CHW
2019-08-18,MIA,COL
2019-08-18,TOR,SEA
2019-08-19,DET,HOU
2019-08-19,CHW,MIN
2019-08-19,SEA,TBR
2019-08-19,PIT,WSN
2019-08-19,MIL,STL
2019-08-19,COL,ARI
2019-08-19,LAA,TEX
2019-08-19,SDP,CIN
2019-08-19,BAL,KCR
2019-08-20,DET,HOU
2019-08-20,TOR,LAD
2019-08-20,OAK,NYY
2019-08-20,CHW,MIN
2019-08-20,MIA,ATL
2019-08-20,SEA,TBR
2019-08-20,NYM,CLE
2019-08-20,PIT,WSN
2019-08-20,MIL,STL
2019-08-20,COL,ARI
2019-08-20,PHI,BOS
2019-08-20,SFG,CHC
2019-08-20,LAA,TEX
2019-08-20,LAA,TEX
2019-08-20,SDP,CIN
2019-08-20,BAL,KCR
2019-08-21,DET,HOU
2019-08-21,TOR,LAD
2019-08-21,OAK,NYY
2019-08-21,CHW,MIN
2019-08-21,MIA,ATL
2019-08-21,SEA,TBR
2019-08-21,NYM,CLE
2019-08-21,PIT,WSN
2019-08-21,MIL,STL
2019-08-21,COL,ARI
2019-08-21,PHI,BOS
2019-08-21,SFG,CHC
2019-08-21,LAA,TEX
2019-08-21,SDP,CIN
2019-08-21,BAL,KCR
2019-08-22,DET,HOU
2019-08-22,TOR,LAD
2019-08-22,OAK,NYY
2019-08-22,MIA,ATL
2019-08-22,BAL,TBR
2019-08-22,NYM,CLE
2019-08-22,PIT,WSN
2019-08-22,COL,STL
2019-08-22,SFG,CHC
2019-08-22,CHW,TEX
2019-08-23,LAA,HOU
2019-08-23,NYY,LAD
2019-08-23,DET,MIN
2019-08-23,NYM,ATL
2019-08-23,BAL,TBR
2019-08-23,KCR,CLE
2019-08-23,CHC,WSN
2019-08-23,COL,STL
2019-08-23,ARI,MIL
2019-08-23,SDP,BOS
2019-08-23,MIA,PHI
2019-08-23,CHW,TEX
2019-08-23,PIT,CIN
2019-08-23,TOR,SEA
2019-08-24,LAA,HOU
2019-08-24,NYY,LAD
2019-08-24,DET,MIN
2019-08-24,NYM,ATL
2019-08-24,SFG,OAK
2019-08-24,BAL,TBR
2019-08-24,KCR,CLE
2019-08-24,CHC,WSN
2019-08-24,COL,STL
2019-08-24,ARI,MIL
2019-08-24,SDP,BOS
2019-08-24,MIA,PHI
2019-08-24,CHW,TEX
2019-08-24,PIT,CIN
2019-08-24,TOR,SEA
2019-08-25,LAA,HOU
2019-08-25,NYY,LAD
2019-08-25,DET,MIN
2019-08-25,NYM,ATL
2019-08-25,SFG,OAK
2019-08-25,BAL,TBR
2019-08-25,KCR,CLE
2019-08-25,CHC,WSN
2019-08-25,COL,STL
2019-08-25,ARI,MIL
2019-08-25,SDP,BOS
2019-08-25,MIA,PHI
2019-08-25,CHW,TEX
2019-08-25,PIT,CIN
2019-08-25,TOR,SEA
2019-08-26,SDP,LAD
2019-08-26,SEA,NYY
2019-08-26,COL,ATL
2019-08-26,KCR,OAK
2019-08-26,MIL,STL
2019-08-26,SFG,ARI
2019-08-26,PIT,PHI
2019-08-26,MIA,CIN
2019-08-27,TBR,HOU
2019-08-27,SDP,LAD
2019-08-27,SEA,NYY
2019-08-27,CHW,MIN
2019-08-27,TOR,ATL
2019-08-27,KCR,OAK
2019-08-27,DET,CLE
2019-08-27,BAL,WSN
2019-08-27,MIL,STL
2019-08-27,CHC,NYM
2019-08-27,SFG,ARI
2019-08-27,COL,BOS
2019-08-27,PIT,PHI
2019-08-27,LAA,TEX
2019-08-27,MIA,CIN
2019-08-28,TBR,HOU
2019-08-28,SDP,LAD
2019-08-28,SEA,NYY
2019-08-28,CHW,MIN
2019-08-28,TOR,ATL
2019-08-28,KCR,OAK
2019-08-28,DET,CLE
2019-08-28,BAL,WSN
2019-08-28,MIL,STL
2019-08-28,CHC,NYM
2019-08-28,COL,BOS
2019-08-28,PIT,PHI
2019-08-28,LAA,TEX
2019-08-28,MIA,CIN
2019-08-29,TBR,HOU
2019-08-29,ARI,LAD
2019-08-29,CHW,MIN
2019-08-29,KCR,OAK
2019-08-29,DET,CLE
2019-08-29,CHC,NYM
2019-08-29,SEA,TEX
2019-08-29,SDP,SFG
2019-08-29,MIA,CIN
2019-08-29,PIT,COL
2019-08-30,TOR,HOU
2019-08-30,ARI,LAD
2019-08-30,OAK,NYY
2019-08-30,DET,MIN
2019-08-30,CHW,ATL
2019-08-30,CLE,TBR
2019-08-30,MIA,WSN
2019-08-30,CHC,MIL
2019-08-30,PHI,NYM
2019-08-30,LAA,BOS
2019-08-30,SEA,TEX
2019-08-30,SDP,SFG
2019-08-30,PIT,COL
2019-08-30,BAL,KCR
2019-08-31,TOR,HOU
2019-08-31,ARI,LAD
2019-08-31,OAK,NYY
2019-08-31,DET,MIN
2019-08-31,CHW,ATL
2019-08-31,CLE,TBR
2019-08-31,MIA,WSN
2019-08-31,CIN,STL
2019-08-31,CIN,STL
2019-08-31,CHC,MIL
2019-08-31,PHI,NYM
2019-08-31,LAA,BOS
2019-08-31,SEA,TEX
2019-08-31,SDP,SFG
2019-08-31,PIT,COL
2019-08-31,BAL,KCR
2019-09-01,TOR,HOU
2019-09-01,ARI,LAD
2019-09-01,OAK,NYY
2019-09-01,DET,MIN
2019-09-01,CHW,ATL
2019-09-01,CLE,TBR
2019-09-01,MIA,WSN
2019-09-01,CIN,STL
2019-09-01,CIN,STL
2019-09-01,CHC,MIL
2019-09-01,PHI,NYM
2019-09-01,LAA,BOS
2019-09-01,SEA,TEX
2019-09-01,SDP,SFG
2019-09-01,PIT,COL
2019-09-01,BAL,KCR
2019-09-02,MIL,HOU
2019-09-02,COL,LAD
2019-09-02,TEX,NYY
2019-09-02,DET,MIN
2019-09-02,TOR,ATL
2019-09-02,BAL,TBR
2019-09-02,CHW,CLE
2019-09-02,NYM,WSN
2019-09-02,SFG,STL
2019-09-02,SDP,ARI
2019-09-02,SEA,CHC
2019-09-02,CIN,PHI
2019-09-03,MIL,HOU
2019-09-03,COL,LAD
2019-09-03,TEX,NYY
2019-09-03,BOS,MIN
2019-09-03,TOR,ATL
2019-09-03,LAA,OAK
2019-09-03,BAL,TBR
2019-09-03,BAL,TBR
2019-09-03,CHW,CLE
2019-09-03,NYM,WSN
2019-09-03,SFG,STL
2019-09-03,SDP,ARI
2019-09-03,SEA,CHC
2019-09-03,CIN,PHI
2019-09-03,MIA,PIT
2019-09-03,DET,KCR
2019-09-04,COL,LAD
2019-09-04,TEX,NYY
2019-09-04,BOS,MIN
2019-09-04,LAA,OAK
2019-09-04,CHW,CLE
2019-09-04,NYM,WSN
2019-09-04,SFG,STL
2019-09-04,SDP,ARI
2019-09-04,CIN,PHI
2019-09-04,MIA,PIT
2019-09-04,DET,KCR
2019-09-05,SEA,HOU
2019-09-05,BOS,MIN
2019-09-05,WSN,ATL
2019-09-05,LAA,OAK
2019-09-05,TOR,TBR
2019-09-05,CHW,CLE
2019-09-05,SFG,STL
2019-09-05,CHC,MIL
2019-09-05,CIN,PHI
2019-09-05,BAL,TEX
2019-09-05,MIA,PIT
2019-09-05,DET,KCR
2019-09-06,SEA,HOU
2019-09-06,SFG,LAD
2019-09-06,BOS,NYY
2019-09-06,CLE,MIN
2019-09-06,WSN,ATL
2019-09-06,DET,OAK
2019-09-06,TOR,TBR
2019-09-06,PIT,STL
2019-09-06,CHC,MIL
2019-09-06,PHI,NYM
2019-09-06,CIN,ARI
2019-09-06,BAL,TEX
2019-09-06,LAA,CHW
2019-09-06,SDP,COL
2019-09-06,MIA,KCR
2019-09-07,SEA,HOU
2019-09-07,SFG,LAD
2019-09-07,BOS,NYY
2019-09-07,CLE,MIN
2019-09-07,WSN,ATL
2019-09-07,DET,OAK
2019-09-07,TOR,TBR
2019-09-07,PIT,STL
2019-09-07,CHC,MIL
2019-09-07,PHI,NYM
2019-09-07,CIN,ARI
2019-09-07,BAL,TEX
2019-09-07,LAA,CHW
2019-09-07,SDP,COL
2019-09-07,MIA,KCR
2019-09-08,SEA,HOU
2019-09-08,SFG,LAD
2019-09-08,BOS,NYY
2019-09-08,CLE,MIN
2019-09-08,WSN,ATL
2019-09-08,DET,OAK
2019-09-08,TOR,TBR
2019-09-08,PIT,STL
2019-09-08,CHC,MIL
2019-09-08,PHI,NYM
2019-09-08,CIN,ARI
2019-09-08,BAL,TEX
2019-09-08,LAA,CHW
2019-09-08,SDP,COL
2019-09-08,MIA,KCR
2019-09-09,OAK,HOU
2019-09-09,BOS,NYY
2019-09-09,PHI,ATL
2019-09-09,LAA,CLE
2019-09-09,MIA,MIL
2019-09-09,ARI,NYM
2019-09-09,SDP,CHC
2019-09-09,PIT,SFG
2019-09-10,OAK,HOU
2019-09-10,BAL,LAD
2019-09-10,DET,NYY
2019-09-10,WSN,MIN
2019-09-10,PHI,ATL
2019-09-10,TEX,TBR
2019-09-10,LAA,CLE
2019-09-10,COL,STL
2019-09-10,MIA,MIL
2019-09-10,ARI,NYM
2019-09-10,TOR,BOS
2019-09-10,SDP,CHC
2019-09-10,PIT,SFG
2019-09-10,SEA,CIN
2019-09-10,KCR,CHW
2019-09-11,OAK,HOU
2019-09-11,BAL,LAD
2019-09-11,WSN,MIN
2019-09-11,PHI,ATL
2019-09-11,TEX,TBR
2019-09-11,LAA,CLE
2019-09-11,COL,STL
2019-09-11,MIA,MIL
2019-09-11,ARI,NYM
2019-09-11,TOR,BOS
2019-09-11,SDP,CHC
2019-09-11,PIT,SFG
2019-09-11,SEA,CIN
2019-09-11,KCR,CHW
2019-09-12,OAK,HOU
2019-09-12,BAL,LAD
2019-09-12,DET,NYY
2019-09-12,DET,NYY
2019-09-12,WSN,MIN
2019-09-12,PHI,ATL
2019-09-12,TEX,TBR
2019-09-12,COL,STL
2019-09-12,MIA,MIL
2019-09-12,ARI,NYM
2019-09-12,TOR,BOS
2019-09-12,SDP,CHC
2019-09-12,PIT,SFG
2019-09-12,SEA,CIN
2019-09-12,KCR,CHW
2019-09-13,KCR,HOU
2019-09-13,NYM,LAD
2019-09-13,TOR,NYY
2019-09-13,WSN,ATL
2019-09-13,TEX,OAK
2019-09-13,LAA,TBR
2019-09-13,MIL,STL
2019-09-13,CIN,ARI
2019-09-13,PIT,CHC
2019-09-13,MIA,SFG
2019-09-13,SEA,CHW
2019-09-13,SDP,COL
2019-09-13,DET,BAL
2019-09-14,KCR,HOU
2019-09-14,NYM,LAD
2019-09-14,TOR,NYY
2019-09-14,CLE,MIN
2019-09-14,CLE,MIN
2019-09-14,WSN,ATL
2019-09-14,TEX,OAK
2019-09-14,LAA,TBR
2019-09-14,MIL,STL
2019-09-14,CIN,ARI
2019-09-14,PHI,BOS
2019-09-14,PIT,CHC
2019-09-14,MIA,SFG
2019-09-14,SEA,CHW
2019-09-14,SDP,COL
2019-09-14,DET,BAL
2019-09-15,KCR,HOU
2019-09-15,NYM,LAD
2019-09-15,TOR,NYY
2019-09-15,CLE,MIN
2019-09-15,WSN,ATL
2019-09-15,TEX,OAK
2019-09-15,LAA,TBR
2019-09-15,MIL,STL
2019-09-15,CIN,ARI
2019-09-15,PHI,BOS
2019-09-15,PIT,CHC
2019-09-15,MIA,SFG
2019-09-15,SEA,CHW
2019-09-15,SDP,COL
2019-09-15,DET,BAL
2019-09-16,CHW,MIN
2019-09-16,KCR,OAK
2019-09-16,STL,WSN
2019-09-16,SDP,MIL
2019-09-16,COL,NYM
2019-09-16,MIA,ARI
2019-09-16,CIN,CHC
2019-09-16,DET,BAL
2019-09-17,TEX,HOU
2019-09-17,TBR,LAD
2019-09-17,LAA,NYY
2019-09-17,CHW,MIN
2019-09-17,PHI,ATL
2019-09-17,KCR,OAK
2019-09-17,DET,CLE
2019-09-17,STL,WSN
2019-09-17,SDP,MIL
2019-09-17,COL,NYM
2019-09-17,MIA,ARI
2019-09-17,SFG,BOS
2019-09-17,CIN,CHC
2019-09-17,SEA,PIT
2019-09-17,BAL,TOR
2019-09-18,TEX,HOU
2019-09-18,TBR,LAD
2019-09-18,LAA,NYY
2019-09-18,CHW,MIN
2019-09-18,PHI,ATL
2019-09-18,KCR,OAK
2019-09-18,DET,CLE
2019-09-18,STL,WSN
2019-09-18,SDP,MIL
2019-09-18,COL,NYM
2019-09-18,MIA,ARI
2019-09-18,SFG,BOS
2019-09-18,CIN,CHC
2019-09-18,SEA,PIT
2019-09-18,BAL,TOR
2019-09-19,LAA,NYY
2019-09-19,KCR,MIN
2019-09-19,PHI,ATL
2019-09-19,DET,CLE
2019-09-19,CHC,STL
2019-09-19,SDP,MIL
2019-09-19,SFG,BOS
2019-09-19,SEA,PIT
2019-09-19,BAL,TOR
2019-09-20,LAA,HOU
2019-09-20,COL,LAD
2019-09-20,TOR,NYY
2019-09-20,KCR,MIN
2019-09-20,SFG,ATL
2019-09-20,TEX,OAK
2019-09-20,BOS,TBR
2019-09-20,PHI,CLE
2019-09-20,MIA,WSN
2019-09-20,CHC,STL
2019-09-20,PIT,MIL
2019-09-20,CIN,NYM
2019-09-20,SDP,ARI
2019-09-20,DET,CHW
2019-09-20,BAL,SEA
2019-09-21,LAA,HOU
2019-09-21,COL,LAD
2019-09-21,TOR,NYY
2019-09-21,KCR,MIN
2019-09-21,SFG,ATL
2019-09-21,TEX,OAK
2019-09-21,BOS,TBR
2019-09-21,PHI,CLE
2019-09-21,MIA,WSN
2019-09-21,CHC,STL
2019-09-21,PIT,MIL
2019-09-21,CIN,NYM
2019-09-21,SDP,ARI
2019-09-21,DET,CHW
2019-09-21,BAL,SEA
2019-09-22,LAA,HOU
2019-09-22,COL,LAD
2019-09-22,TOR,NYY
2019-09-22,KCR,MIN
2019-09-22,SFG,ATL
2019-09-22,TEX,OAK
2019-09-22,BOS,TBR
2019-09-22,PHI,CLE
2019-09-22,MIA,WSN
2019-09-22,CHC,STL
2019-09-22,PIT,MIL
2019-09-22,CIN,NYM
2019-09-22,SDP,ARI
2019-09-22,DET,CHW
2019-09-22,BAL,SEA
2019-09-23,BOS,TBR
2019-09-23,PHI,WSN
2019-09-23,ARI,STL
2019-09-23,MIA,NYM
2019-09-23,BAL,TOR
2019-09-24,SEA,HOU
2019-09-24,SDP,LAD
2019-09-24,TBR,NYY
2019-09-24,DET,MIN
2019-09-24,KCR,ATL
2019-09-24,LAA,OAK
2019-09-24,CHW,CLE
2019-09-24,PHI,WSN
2019-09-24,PHI,WSN
2019-09-24,ARI,STL
2019-09-24,CIN,MIL
2019-09-24,MIA,NYM
2019-09-24,TEX,BOS
2019-09-24,PIT,CHC
2019-09-24,COL,SFG
2019-09-24,BAL,TOR
2019-09-25,SEA,HOU
2019-09-25,SDP,LAD
2019-09-25,TBR,NYY
2019-09-25,DET,MIN
2019-09-25,KCR,ATL
2019-09-25,LAA,OAK
2019-09-25,CHW,CLE
2019-09-25,PHI,WSN
2019-09-25,ARI,STL
2019-09-25,CIN,MIL
2019-09-25,MIA,NYM
2019-09-25,TEX,BOS
2019-09-25,PIT,CHC
2019-09-25,COL,SFG
2019-09-25,BAL,TOR
2019-09-26,LAA,HOU
2019-09-26,SDP,LAD
2019-09-26,DET,MIN
2019-09-26,SEA,OAK
2019-09-26,CHW,CLE
2019-09-26,PHI,WSN
2019-09-26,CIN,MIL
2019-09-26,MIA,NYM
2019-09-26,TEX,BOS
2019-09-26,PIT,CHC
2019-09-26,COL,SFG
2019-09-27,LAA,HOU
2019-09-27,SFG,LAD
2019-09-27,TEX,NYY
2019-09-27,KCR,MIN
2019-09-27,NYM,ATL
2019-09-27,SEA,OAK
2019-09-27,TOR,TBR
2019-09-27,WSN,CLE
2019-09-27,CHC,STL
2019-09-27,COL,MIL
2019-09-27,SDP,ARI
2019-09-27,BAL,BOS
2019-09-27,MIA,PHI
2019-09-27,PIT,CIN
2019-09-28,LAA,HOU
2019-09-28,SFG,LAD
2019-09-28,TEX,NYY
2019-09-28,KCR,MIN
2019-09-28,NYM,ATL
2019-09-28,SEA,OAK
2019-09-28,TOR,TBR
2019-09-28,WSN,CLE
2019-09-28,CHC,STL
2019-09-28,COL,MIL
2019-09-28,SDP,ARI
2019-09-28,BAL,BOS
2019-09-28,MIA,PHI
2019-09-28,PIT,CIN
2019-09-28,DET,CHW
2019-09-28,DET,CHW
2019-09-29,LAA,HOU
2019-09-29,SFG,LAD
2019-09-29,TEX,NYY
2019-09-29,KCR,MIN
2019-09-29,NYM,ATL
2019-09-29,SEA,OAK
2019-09-29,TOR,TBR
2019-09-29,WSN,CLE
2019-09-29,CHC,STL
2019-09-29,COL,MIL
2019-09-29,SDP,ARI
2019-09-29,BAL,BOS
2019-09-29,MIA,PHI
2019-09-29,PIT,CIN
2019-09-29,DET,CHW
